timestamp,user_id,endpoint,response_time_ms,status_code
2026-02-13 10:15:23,1001,/api/users,45,200
2026-02-13 10:16:42,1002,/api/posts,123,200
2026-02-13 10:17:15,1003,/api/users,38,200
2026-02-13 10:18:30,1001,/api/comments,256,200
2026-02-13 10:19:45,1004,/api/posts,89,404
2026-02-13 10:20:12,1002,/api/users,42,200
2026-02-13 10:21:33,1005,/api/login,567,500
2026-02-13 10:22:50,1003,/api/posts,95,200
2026-02-13 10:23:18,1006,/api/comments,1234,200
2026-02-13 10:24:25,1001,/api/users,51,200
2026-02-13 10:25:40,1007,/api/posts,78,200
2026-02-13 10:26:55,1002,/api/login,145,200
2026-02-13 10:27:30,1008,/api/users,340,503
2026-02-13 10:28:15,1003,/api/comments,189,200
2026-02-13 10:29:22,1009,/api/posts,67,200
2026-02-13 10:30:45,1004,/api/users,55,200
2026-02-13 10:31:50,1005,/api/login,432,200
2026-02-13 10:32:18,1010,/api/posts,890,200
2026-02-13 10:33:30,1001,/api/comments,234,200
2026-02-13 10:34:42,1002,/api/users,48,200
2026-02-13 11:15:10,1011,/api/posts,102,200
2026-02-13 11:16:25,1003,/api/login,178,401
2026-02-13 11:17:40,1012,/api/users,63,200
2026-02-13 11:18:55,1004,/api/comments,445,200
2026-02-13 11:19:30,1013,/api/posts,88,200
2026-02-13 11:20:15,1005,/api/users,71,200
2026-02-13 11:21:45,1014,/api/login,234,200
2026-02-13 11:22:20,1006,/api/posts,156,404
2026-02-13 11:23:35,1015,/api/comments,987,200
2026-02-13 11:24:50,1007,/api/users,59,200
2026-02-13 12:10:15,1016,/api/posts,112,200
2026-02-13 12:11:30,1008,/api/login,289,200
2026-02-13 12:12:45,1017,/api/users,67,200
2026-02-13 12:13:20,1009,/api/comments,678,500
2026-02-13 12:14:35,1018,/api/posts,94,200
2026-02-13 12:15:50,1010,/api/users,82,200
2026-02-13 12:16:25,1019,/api/login,345,200
2026-02-13 12:17:40,1011,/api/posts,456,200
2026-02-13 12:18:55,1020,/api/comments,123,200
2026-02-13 12:19:30,1012,/api/users,58,200
2026-02-13 13:05:20,1013,/api/posts,134,200
2026-02-13 13:06:35,1021,/api/login,267,403
2026-02-13 13:07:50,1014,/api/users,75,200
2026-02-13 13:08:25,1022,/api/comments,890,200
2026-02-13 13:09:40,1015,/api/posts,101,200
2026-02-13 13:10:55,1023,/api/users,64,200
2026-02-13 13:11:30,1016,/api/login,198,200
2026-02-13 13:12:45,1024,/api/posts,543,200
2026-02-13 13:13:20,1017,/api/comments,234,404
2026-02-13 13:14:35,1025,/api/users,71,200
